Country,BEC,USD,Year
Australia,212,153321,2012
Australia,312,404674,2012
Australia,512,325689,2012
Australia,612,3769,2012
Australia,712,215251,2012
Australia,1111,13432460,2012
Australia,2111,127545691,2012
Australia,3111,504436,2012
Australia,3112,551488,2012
Australia,4111,5404304,2012
Australia,5111,161,2012
Australia,5112,895171,2012
Australia,7111,17,2012
Australia,111210,3726545,2012
Australia,111220,12368,2012
Australia,112010,533918,2012
Australia,113101,15344079,2012
Australia,113201,912460,2012
Australia,113202,3901,2012
Australia,211210,2157424,2012
Australia,211220,6310861,2012
Australia,212010,981259,2012
Australia,212020,116954,2012
Australia,213101,19471490,2012
Australia,213202,12148,2012
Australia,311210,12359476,2012
Australia,311220,2264231,2012
Australia,312010,591548,2012
Australia,312020,235712,2012
Australia,313101,147608,2012
Australia,313201,3139,2012
Australia,313202,427697,2012
Australia,411210,16819044,2012
Australia,411220,178414,2012
Australia,412010,58112,2012
Australia,412020,707,2012
Australia,413101,9296,2012
Australia,413102,11777,2012
Australia,413201,31697,2012
Australia,413202,878335,2012
Australia,511210,835384,2012
Australia,511220,3092006,2012
Australia,512010,170290,2012
Australia,512020,853554,2012
Australia,513202,1833178,2012
Australia,611210,513157,2012
Australia,611220,1193224,2012
Australia,612010,91199,2012
Australia,612020,969198,2012
Australia,613101,1776,2012
Australia,613201,28765,2012
Australia,613202,788975,2012
Australia,711210,80193,2012
Australia,711220,5143371,2012
Australia,712010,145497,2012
Australia,712020,1278072,2012
Australia,713101,565616,2012
Australia,713201,3864,2012
Australia,713202,990686,2012
Australia,811210,66955,2012
Australia,811220,56448,2012
Australia,812020,94126,2012
Australia,813101,63,2012
Australia,813201,34875,2012
Australia,813202,766543,2012
A,0,0,0
Australia,212,103982,2014
Australia,312,363402,2014
Australia,512,339424,2014
Australia,612,3287,2014
Australia,712,222892,2014
Australia,1111,13504826,2014
Australia,2111,127973046,2014
Australia,3111,352254,2014
Australia,3112,420284,2014
Australia,4111,5072469,2014
Australia,5111,244,2014
Australia,5112,1115481,2014
Australia,7111,2,2014
Australia,111210,3859362,2014
Australia,111220,15491,2014
Australia,112010,514098,2014
Australia,113101,16152621,2014
Australia,113201,850058,2014
Australia,113202,3701,2014
Australia,211210,1775078,2014
Australia,211220,6360727,2014
Australia,212010,775647,2014
Australia,212020,120002,2014
Australia,213101,18752974,2014
Australia,213202,6329,2014
Australia,311210,11532840,2014
Australia,311220,2292395,2014
Australia,312010,586283,2014
Australia,312020,263295,2014
Australia,313101,145852,2014
Australia,313201,3370,2014
Australia,313202,378027,2014
Australia,411210,14667873,2014
Australia,411220,168094,2014
Australia,412010,57412,2014
Australia,412020,582,2014
Australia,413101,8639,2014
Australia,413102,6505,2014
Australia,413201,32478,2014
Australia,413202,728435,2014
Australia,511210,631946,2014
Australia,511220,2942011,2014
Australia,512010,153435,2014
Australia,512020,549339,2014
Australia,513202,1956890,2014
Australia,611210,557027,2014
Australia,611220,1202592,2014
Australia,612010,77797,2014
Australia,612020,1063328,2014
Australia,613101,1439,2014
Australia,613201,37202,2014
Australia,613202,809496,2014
Australia,711210,78164,2014
Australia,711220,4016092,2014
Australia,712010,98936,2014
Australia,712020,1300228,2014
Australia,713101,583172,2014
Australia,713201,1672,2014
Australia,713202,990322,2014
Australia,811210,69689,2014
Australia,811220,69133,2014
Australia,812020,87463,2014
Australia,813101,140,2014
Australia,813201,65557,2014
Australia,813202,1028038,2014
A,0,0,0
A,0,0,0
Australia,212,85729,2015
Australia,312,301078,2015
Australia,512,372873,2015
Australia,612,5543,2015
Australia,712,211780,2015
Australia,1111,11117044,2015
Australia,2111,80820701,2015
Australia,3111,480425,2015
Australia,3112,339562,2015
Australia,4111,3034759,2015
Australia,5111,0,2015
Australia,5112,1245674,2015
Australia,7111,33,2015
Australia,111210,3208864,2015
Australia,111220,16712,2015
Australia,112010,423182,2015
Australia,113101,18377600,2015
Australia,113201,809114,2015
Australia,113202,3700,2015
Australia,211210,1331691,2015
Australia,211220,5769163,2015
Australia,212010,658634,2015
Australia,212020,98791,2015
Australia,213101,14677879,2015
Australia,213202,2593,2015
Australia,311210,9483674,2015
Australia,311220,1726637,2015
Australia,312010,503080,2015
Australia,312020,215542,2015
Australia,313101,129082,2015
Australia,313201,2176,2015
Australia,313202,376134,2015
Australia,411210,11884663,2015
Australia,411220,134561,2015
Australia,412010,29728,2015
Australia,412020,6850,2015
Australia,413101,2197,2015
Australia,413102,3573,2015
Australia,413201,35370,2015
Australia,413202,599775,2015
Australia,511210,573436,2015
Australia,511220,2188406,2015
Australia,512010,205630,2015
Australia,512020,502103,2015
Australia,513202,1620346,2015
Australia,611210,541978,2015
Australia,611220,1133358,2015
Australia,612010,64921,2015
Australia,612020,1255387,2015
Australia,613101,685,2015
Australia,613201,47468,2015
Australia,613202,863248,2015
Australia,711210,102798,2015
Australia,711220,2393029,2015
Australia,712010,129637,2015
Australia,712020,1338717,2015
Australia,713101,527632,2015
Australia,713201,2318,2015
Australia,713202,1036681,2015
Australia,811210,49739,2015
Australia,811220,102610,2015
Australia,812020,118995,2015
Australia,813101,137,2015
Australia,813201,33541,2015
Australia,813202,639677,2015
A,0,0,0
Australia,212,81876,2016
Australia,312,324117,2016
Australia,512,294489,2016
Australia,612,2640,2016
Australia,712,220418,2016
Australia,1111,9692497,2016
Australia,2111,79116990,2016
Australia,3111,541816,2016
Australia,3112,331722,2016
Australia,4111,3436639,2016
Australia,5111,2,2016
Australia,5112,1204904,2016
Australia,7111,150,2016
Australia,111210,2968681,2016
Australia,111220,16494,2016
Australia,112010,380499,2016
Australia,113101,17154737,2016
Australia,113201,1005055,2016
Australia,113202,4095,2016
Australia,211210,1139713,2016
Australia,211220,4958803,2016
Australia,212010,670174,2016
Australia,212020,94294,2016
Australia,213101,15608570,2016
Australia,213202,3051,2016
Australia,311210,8181508,2016
Australia,311220,1670615,2016
Australia,312010,466227,2016
Australia,312020,237426,2016
Australia,313101,142037,2016
Australia,313201,2672,2016
Australia,313202,371250,2016
Australia,411210,14801151,2016
Australia,411220,135882,2016
Australia,412010,22876,2016
Australia,412020,1761,2016
Australia,413101,3439,2016
Australia,413102,2208,2016
Australia,413201,51550,2016
Australia,413202,625681,2016
Australia,511210,539737,2016
Australia,511220,2012290,2016
Australia,512010,217110,2016
Australia,512020,506387,2016
Australia,513202,1452531,2016
Australia,611210,508849,2016
Australia,611220,1065559,2016
Australia,612010,48973,2016
Australia,612020,1256529,2016
Australia,613101,1070,2016
Australia,613201,61997,2016
Australia,613202,775447,2016
Australia,711210,197558,2016
Australia,711220,3124282,2016
Australia,712010,139863,2016
Australia,712020,1386712,2016
Australia,713101,626856,2016
Australia,713201,6105,2016
Australia,713202,1102968,2016
Australia,811210,50851,2016
Australia,811220,81940,2016
Australia,812020,102669,2016
Australia,813101,341,2016
Australia,813201,21328,2016
Australia,813202,741092,2016
A,0,0,0
Australia,212,85263,2017
Australia,312,357792,2017
Australia,512,351452,2017
Australia,612,3199,2017
Australia,712,220724,2017
Australia,1111,11662865,2017
Australia,2111,102024236,2017
Australia,3111,1285178,2017
Australia,3112,374488,2017
Australia,4111,4443677,2017
Australia,5111,2,2017
Australia,5112,1368322,2017
Australia,7111,2,2017
Australia,111210,3136201,2017
Australia,111220,21243,2017
Australia,112010,410047,2017
Australia,113101,19638423,2017
Australia,113201,1148032,2017
Australia,113202,4615,2017
Australia,211210,1270354,2017
Australia,211220,6456069,2017
Australia,212010,615765,2017
Australia,212020,90282,2017
Australia,213101,22332298,2017
Australia,213202,2881,2017
Australia,311210,9316057,2017
Australia,311220,1877604,2017
Australia,312010,476968,2017
Australia,312020,222217,2017
Australia,313101,164509,2017
Australia,313201,2800,2017
Australia,313202,381519,2017
Australia,411210,14484811,2017
Australia,411220,146038,2017
Australia,412010,25491,2017
Australia,412020,1177,2017
Australia,413101,2648,2017
Australia,413102,10102,2017
Australia,413201,46663,2017
Australia,413202,776665,2017
Australia,511210,822944,2017
Australia,511220,2224013,2017
Australia,512010,123988,2017
Australia,512020,374308,2017
Australia,513202,859024,2017
Australia,611210,531835,2017
Australia,611220,787668,2017
Australia,612010,57885,2017
Australia,612020,1475846,2017
Australia,613101,1400,2017
Australia,613201,42286,2017
Australia,613202,965497,2017
Australia,711210,115080,2017
Australia,711220,3268965,2017
Australia,712010,126699,2017
Australia,712020,1515097,2017
Australia,713101,782408,2017
Australia,713201,2182,2017
Australia,713202,1155398,2017
Australia,811210,67002,2017
Australia,811220,62863,2017
Australia,812020,116104,2017
Australia,813101,748,2017
Australia,813201,11176,2017
Australia,813202,525338,2017
A,0,0,0
Australia,212,82488,2018
Australia,312,404262,2018
Australia,512,655641,2018
Australia,612,2606,2018
Australia,712,226471,2018
Australia,1111,9782926,2018
Australia,2111,109611733,2018
Australia,3111,1655337,2018
Australia,3112,413684,2018
Australia,4111,4788708,2018
Australia,5111,15,2018
Australia,5112,1390873,2018
Australia,7111,27,2018
Australia,111210,3252616,2018
Australia,111220,24413,2018
Australia,112010,445149,2018
Australia,113101,19431366,2018
Australia,113201,1388036,2018
Australia,113202,5342,2018
Australia,211210,1227698,2018
Australia,211220,8544039,2018
Australia,212010,637358,2018
Australia,212020,100642,2018
Australia,213101,34971597,2018
Australia,213202,3621,2018
Australia,311210,10932822,2018
Australia,311220,1970128,2018
Australia,312010,459089,2018
Australia,312020,314328,2018
Australia,313101,174006,2018
Australia,313201,2164,2018
Australia,313202,446419,2018
Australia,411210,15130406,2018
Australia,411220,140484,2018
Australia,412010,28075,2018
Australia,412020,1171,2018
Australia,413101,541,2018
Australia,413102,2698,2018
Australia,413201,32119,2018
Australia,413202,739519,2018
Australia,511210,952382,2018
Australia,511220,2320638,2018
Australia,512010,123306,2018
Australia,512020,517451,2018
Australia,513202,394801,2018
Australia,611210,595087,2018
Australia,611220,800529,2018
Australia,612010,47300,2018
Australia,612020,1397155,2018
Australia,613101,1211,2018
Australia,613201,26293,2018
Australia,613202,1004312,2018
Australia,711210,545650,2018
Australia,711220,3756213,2018
Australia,712010,131869,2018
Australia,712020,1503672,2018
Australia,713101,886734,2018
Australia,713201,1026,2018
Australia,713202,1236663,2018
Australia,811210,57174,2018
Australia,811220,84304,2018
Australia,812020,154951,2018
Australia,813101,87,2018
Australia,813201,11221,2018
Australia,813202,614053,2018
A,0,0,0
Australia,212,87978,2019
Australia,312,397921,2019
Australia,512,646896,2019
Australia,612,1187,2019
Australia,712,292212,2019
Australia,1111,7996960,2019
Australia,2111,126422072,2019
Australia,3111,1310487,2019
Australia,3112,417986,2019
Australia,4111,3354217,2019
Australia,5111,0,2019
Australia,5112,1413129,2019
Australia,7111,11,2019
Australia,111210,3161341,2019
Australia,111220,21833,2019
Australia,112010,455219,2019
Australia,113101,20575949,2019
Australia,113201,1430751,2019
Australia,113202,5978,2019
Australia,211210,1257601,2019
Australia,211220,6584033,2019
Australia,212010,583284,2019
Australia,212020,95290,2019
Australia,213101,37982994,2019
Australia,213202,3646,2019
Australia,311210,10379902,2019
Australia,311220,1909583,2019
Australia,312010,450136,2019
Australia,312020,288674,2019
Australia,313101,144791,2019
Australia,313201,2713,2019
Australia,313202,441922,2019
Australia,411210,17093107,2019
Australia,411220,142238,2019
Australia,412010,28388,2019
Australia,412020,927,2019
Australia,413101,505,2019
Australia,413102,1865,2019
Australia,413201,33619,2019
Australia,413202,805687,2019
Australia,511210,936986,2019
Australia,511220,2365682,2019
Australia,512010,123292,2019
Australia,512020,526757,2019
Australia,513202,429547,2019
Australia,611210,547392,2019
Australia,611220,720138,2019
Australia,612010,44013,2019
Australia,612020,1581014,2019
Australia,613101,1555,2019
Australia,613201,36973,2019
Australia,613202,1198188,2019
Australia,711210,534467,2019
Australia,711220,5098077,2019
Australia,712010,117522,2019
Australia,712020,1529840,2019
Australia,713101,947138,2019
Australia,713201,1018,2019
Australia,713202,743486,2019
Australia,811210,74129,2019
Australia,811220,176631,2019
Australia,812020,104987,2019
Australia,813101,61,2019
Australia,813201,8884,2019
Australia,813202,604471,2019
A,0,0,0
Australia,212,93657,2020
Australia,312,356975,2020
Australia,512,360023,2020
Australia,612,1161,2020
Australia,712,177854,2020
Australia,1111,7982204,2020
Australia,2111,125250669,2020
Australia,3111,861345,2020
Australia,3112,416255,2020
Australia,4111,1902330,2020
Australia,5111,2,2020
Australia,5112,1157778,2020
Australia,7111,219,2020
Australia,111210,3280341,2020
Australia,111220,23775,2020
Australia,112010,437523,2020
Australia,113101,19044404,2020
Australia,113201,1193615,2020
Australia,113202,8148,2020
Australia,211210,999266,2020
Australia,211220,5485758,2020
Australia,212010,517859,2020
Australia,212020,83446,2020
Australia,213101,28893922,2020
Australia,213202,5010,2020
Australia,311210,8867046,2020
Australia,311220,1685768,2020
Australia,312010,408742,2020
Australia,312020,263765,2020
Australia,313101,186493,2020
Australia,313201,2536,2020
Australia,313202,382545,2020
Australia,411210,18196041,2020
Australia,411220,120640,2020
Australia,412010,24406,2020
Australia,412020,309,2020
Australia,413101,426,2020
Australia,413102,3582,2020
Australia,413201,38945,2020
Australia,413202,751312,2020
Australia,511210,755910,2020
Australia,511220,2178779,2020
Australia,512010,108228,2020
Australia,512020,428122,2020
Australia,513202,331943,2020
Australia,611210,484994,2020
Australia,611220,628384,2020
Australia,612010,32455,2020
Australia,612020,1365425,2020
Australia,613101,1092,2020
Australia,613201,28379,2020
Australia,613202,1007897,2020
Australia,711210,400776,2020
Australia,711220,4746006,2020
Australia,712010,117775,2020
Australia,712020,1449228,2020
Australia,713101,957081,2020
Australia,713201,1278,2020
Australia,713202,668411,2020
Australia,811210,62103,2020
Australia,811220,144836,2020
Australia,812020,96584,2020
Australia,813101,107,2020
Australia,813201,13427,2020
Australia,813202,1038370,2020
A,0,0,0
Australia,212,94403,2021
Australia,312,413554,2021
Australia,512,439334,2021
Australia,612,1587,2021
Australia,712,183383,2021
Australia,1111,15730831,2021
Australia,2111,180259415,2021
Australia,3111,1585275,2021
Australia,3112,551320,2021
Australia,4111,4074681,2021
Australia,5111,0,2021
Australia,5112,926702,2021
Australia,7111,155,2021
Australia,111210,4155267,2021
Australia,111220,20515,2021
Australia,112010,488063,2021
Australia,113101,21205427,2021
Australia,113201,1228477,2021
Australia,113202,12266,2021
Australia,211210,1231017,2021
Australia,211220,6766817,2021
Australia,212010,642264,2021
Australia,212020,98587,2021
Australia,213101,40297164,2021
Australia,213202,3907,2021
Australia,311210,11785271,2021
Australia,311220,2192657,2021
Australia,312010,525801,2021
Australia,312020,256877,2021
Australia,313101,217853,2021
Australia,313201,4665,2021
Australia,313202,474464,2021
Australia,411210,18248101,2021
Australia,411220,149981,2021
Australia,412010,31768,2021
Australia,412020,394,2021
Australia,413101,377,2021
Australia,413102,1134,2021
Australia,413201,46015,2021
Australia,413202,986231,2021
Australia,511210,784024,2021
Australia,511220,2727543,2021
Australia,512010,88408,2021
Australia,512020,484053,2021
Australia,513202,402938,2021
Australia,611210,589974,2021
Australia,611220,766289,2021
Australia,612010,38097,2021
Australia,612020,1598946,2021
Australia,613101,673,2021
Australia,613201,43113,2021
Australia,613202,1038204,2021
Australia,711210,362317,2021
Australia,711220,3933619,2021
Australia,712010,127749,2021
Australia,712020,1690828,2021
Australia,713101,1101380,2021
Australia,713201,2246,2021
Australia,713202,824034,2021
Australia,811210,60754,2021
Australia,811220,122708,2021
Australia,812020,97471,2021
Australia,813101,112,2021
Australia,813201,1518,2021
Australia,813202,1948328,2021
