HS,BEC17
10121,712010
10129,1111
10130,1111
10190,1111
10221,112010
10229,1111
10231,112010
10239,1111
10290,1111
10310,112010
10391,1111
10392,1111
10410,1111
10420,1111
10511,1111
10512,1111
10513,1111
10514,1111
10515,1111
10594,1111
10599,1111
10611,1111
10612,1111
10613,1111
10614,1111
10619,1111
10620,1111
10631,1111
10632,1111
10633,1111
10639,1111
10641,1111
10649,1111
10690,1111
20110,111210
20120,113101
20130,113101
20210,111210
20220,113101
20230,113101
20311,111210
20312,113101
20319,113101
20321,111210
20322,113101
20329,113101
20410,111210
20421,111210
20422,113101
20423,113101
20430,111210
20441,111210
20442,113101
20443,113101
20450,113101
20500,111210
20610,113101
20621,113101
20622,113101
20629,113101
20630,113101
20641,113101
20649,113101
20680,113101
20690,113101
20711,113101
20712,113101
20713,113101
20714,113101
20724,113101
20725,113101
20726,113101
20727,113101
20741,113101
20742,113101
20743,113101
20744,113101
20745,113101
20751,113101
20752,113101
20753,113101
20754,113101
20755,113101
20760,113101
20810,113101
20830,113101
20840,113101
20850,113101
20860,113101
20890,113101
20910,111210
20990,111210
21011,113101
21012,113101
21019,113101
21020,113101
21091,113101
21092,113101
21093,113101
21099,113101
30111,713101
30119,713101
30191,713101
30192,713101
30193,713101
30194,713101
30195,713101
30199,713101
30211,113101
30213,113101
30214,113101
30219,113101
30221,113101
30222,113101
30223,113101
30224,113101
30229,113101
30231,113101
30232,113101
30233,113101
30234,113101
30235,113101
30236,113101
30239,113101
30241,113101
30242,113101
30243,113101
30244,113101
30245,113101
30246,113101
30247,113101
30249,113101
30251,113101
30252,113101
30253,113101
30254,113101
30255,113101
30256,113101
30259,113101
30271,113101
30272,113101
30273,113101
30274,113101
30279,113101
30281,113101
30282,113101
30283,113101
30284,113101
30285,113101
30289,113101
30291,113101
30292,113101
30299,113101
30311,113101
30312,113101
30313,113101
30314,113101
30319,113101
30323,113101
30324,113101
30325,113101
30326,113101
30329,113101
30331,113101
30332,113101
30333,113101
30334,113101
30339,113101
30341,113101
30342,113101
30343,113101
30344,113101
30345,113101
30346,113101
30349,113101
30351,113101
30353,113101
30354,113101
30355,113101
30356,113101
30357,113101
30359,113101
30363,113101
30364,113101
30365,113101
30366,113101
30367,113101
30368,113101
30369,113101
30381,113101
30382,113101
30383,113101
30384,113101
30389,113101
30391,113101
30392,113101
30399,113101
30431,113101
30432,113101
30433,113101
30439,113101
30441,113101
30442,113101
30443,113101
30444,113101
30445,113101
30446,113101
30447,113101
30448,113101
30449,113101
30451,113101
30452,113101
30453,113101
30454,113101
30455,113101
30456,113101
30457,113101
30459,113101
30461,113101
30462,113101
30463,113101
30469,113101
30471,113101
30472,113101
30473,113101
30474,113101
30475,113101
30479,113101
30481,113101
30482,113101
30483,113101
30484,113101
30485,113101
30486,113101
30487,113101
30488,113101
30489,113101
30491,113101
30492,113101
30493,113101
30494,113101
30495,113101
30496,113101
30497,113101
30499,113101
30510,111210
30520,113101
30531,113101
30532,113101
30539,113101
30541,113101
30542,113101
30543,113101
30544,113101
30549,113101
30551,113101
30552,113101
30553,113101
30554,113101
30559,113101
30561,113101
30562,113101
30563,113101
30564,113101
30569,113101
30571,113101
30572,113101
30579,113101
30611,113101
30612,113101
30614,113101
30615,113101
30616,113101
30617,113101
30619,113101
30631,113101
30632,113101
30633,113101
30634,113101
30635,113101
30636,113101
30639,113101
30691,113101
30692,113101
30693,113101
30694,113101
30695,113101
30699,113101
30711,113101
30712,113101
30719,113101
30721,113101
30722,113101
30729,113101
30731,113101
30732,113101
30739,113101
30742,113101
30743,113101
30749,113101
30751,113101
30752,113101
30759,113101
30760,113101
30771,113101
30772,113101
30779,113101
30781,113101
30782,113101
30783,113101
30784,113101
30787,113101
30788,113101
30791,113101
30792,113101
30799,113101
30811,113101
30812,113101
30819,113101
30821,113101
30822,113101
30829,113101
30830,113101
30890,113101
40110,113101
40120,113101
40140,113101
40150,113101
40210,111210
40221,113101
40229,113101
40291,113101
40299,113101
40310,113101
40390,113101
40410,111210
40490,111210
40510,113101
40520,113101
40590,113101
40610,113101
40620,113101
40630,113101
40640,113101
40690,113101
40711,1111
40719,1111
40721,113101
40729,113101
40790,113101
40811,111210
40819,111210
40891,111210
40899,111210
40900,113101
41000,113101
50100,7111
50210,7111
50290,7111
50400,1111
50510,3111
50590,3111
50610,1111
50690,1111
50710,1111
50790,1111
50800,1111
51000,1111
51110,1111
51191,1111
51199,1111
60110,3111
60120,3111
60210,3111
60220,3111
60230,3111
60240,3111
60290,3111
60311,313101
60312,313101
60313,313101
60314,313101
60315,313101
60319,313101
60390,313101
60420,3111
60490,3111
70110,3111
70190,113101
70200,113101
70310,113101
70320,113101
70390,113101
70410,113101
70420,113101
70490,113101
70511,113101
70519,113101
70521,113101
70529,113101
70610,113101
70690,113101
70700,113101
70810,113101
70820,113101
70890,113101
70920,113101
70930,113101
70940,113101
70951,113101
70959,113101
70960,113101
70970,113101
70991,113101
70992,113101
70993,113101
70999,113101
71010,113101
71021,113101
71022,113101
71029,113101
71030,113101
71040,113101
71080,113101
71090,113101
71120,113101
71140,113101
71151,113101
71159,113101
71190,113101
71220,113101
71231,113101
71232,113101
71233,113101
71239,113101
71290,113101
71310,113101
71320,113101
71331,113101
71332,113101
71333,113101
71334,113101
71335,113101
71339,113101
71340,113101
71350,113101
71360,113101
71390,113101
71410,113101
71420,113101
71430,113101
71440,113101
71450,113101
71490,113101
80111,1111
80112,1111
80119,1111
80121,113101
80122,113101
80131,113101
80132,113101
80211,113101
80212,113101
80221,113101
80222,113101
80231,113101
80232,113101
80241,113101
80242,113101
80251,113101
80252,113101
80261,113101
80262,113101
80270,113101
80280,113101
80290,113101
80310,113101
80390,113101
80410,113101
80420,113101
80430,113101
80440,113101
80450,113101
80510,113101
80521,113101
80522,113101
80529,113101
80540,113101
80550,113101
80590,113101
80610,113101
80620,113101
80711,113101
80719,113101
80720,113101
80810,113101
80830,113101
80840,113101
80910,113101
80921,113101
80929,113101
80930,113101
80940,113101
81010,113101
81020,113101
81030,113101
81040,113101
81050,113101
81060,113101
81070,113101
81090,113101
81110,113101
81120,113101
81190,113101
81210,1111
81290,1111
81310,113101
81320,113101
81330,113101
81340,113101
81350,113101
81400,1111
90111,1111
90112,1111
90121,113101
90122,113101
90190,113101
90210,113101
90220,113101
90230,113101
90240,113101
90300,113101
90411,113101
90412,113101
90421,113101
90422,113101
90510,113101
90520,113101
90611,113101
90619,113101
90620,113101
90710,113101
90720,113101
90811,113101
90812,113101
90821,113101
90822,113101
90831,113101
90832,113101
90921,113101
90922,113101
90931,113101
90932,113101
90961,113101
90962,113101
91011,113101
91012,113101
91020,113101
91030,113101
91091,113101
91099,113101
100111,1111
100119,1111
100191,1111
100199,1111
100210,1111
100290,1111
100310,1111
100390,1111
100410,1111
100490,1111
100510,1111
100590,1111
100610,1111
100620,1111
100630,113101
100640,113101
100710,1111
100790,1111
100810,1111
100821,1111
100829,1111
100830,1111
100840,1111
100850,1111
100860,1111
100890,1111
110100,111210
110220,111210
110290,111210
110311,111210
110313,111210
110319,111210
110320,111210
110412,113101
110419,113101
110422,113101
110423,113101
110429,113101
110430,113101
110510,111210
110520,111210
110610,111210
110620,111210
110630,111210
110710,111210
110720,111210
110811,111210
110812,111210
110813,111210
110814,111210
110819,111210
110820,111210
110900,111210
120110,1111
120190,1111
120230,1111
120241,1111
120242,1111
120300,1111
120400,1111
120510,1111
120590,1111
120600,1111
120710,1111
120721,1111
120729,1111
120730,1111
120740,1111
120750,1111
120760,1111
120770,1111
120791,1111
120799,1111
120810,111210
120890,111210
120910,1111
120921,1111
120922,1111
120923,1111
120924,1111
120925,1111
120929,1111
120930,1111
120991,1111
120999,1111
121010,1111
121020,1111
121120,1111
121130,1111
121140,1111
121150,1111
121190,1111
121221,1111
121229,1111
121291,1111
121292,1111
121293,1111
121294,1111
121299,1111
121300,1111
121410,1111
121490,1111
130120,1111
130190,1111
130211,1111
130212,1111
130213,1111
130214,1111
130219,1111
130220,1111
130231,111210
130232,111210
130239,111210
140110,1111
140120,1111
140190,1111
140420,1111
140490,1111
150110,111210
150120,111210
150190,111210
150210,111210
150290,111210
150300,111210
150410,111210
150420,111210
150430,111210
150500,111210
150600,111210
150710,111210
150790,113201
150810,111210
150890,113201
150910,113101
150990,113101
151000,111210
151110,111210
151190,111210
151211,111210
151219,113101
151221,111210
151229,111210
151311,111210
151319,111210
151321,111210
151329,111210
151411,111210
151419,113101
151491,111210
151499,113101
151511,111210
151519,111210
151521,111210
151529,113101
151530,111210
151550,111210
151590,111210
151610,111210
151620,111210
151710,113101
151790,113101
151800,111210
152000,111210
152110,111210
152190,111210
152200,111210
160100,113201
160210,113201
160220,113201
160231,113201
160232,113201
160239,113201
160241,113201
160242,113201
160249,113201
160250,113201
160290,113201
160300,111210
160411,113201
160412,113201
160413,113201
160414,113201
160415,113201
160416,113201
160417,113201
160418,113201
160419,113201
160420,113201
160431,113201
160432,113201
160510,113201
160521,113201
160529,113201
160530,113201
160540,113201
160551,113201
160552,113201
160553,113201
160554,113201
160555,113201
160556,113201
160557,113201
160558,113201
160559,113201
160561,113201
160562,113201
160563,113201
160569,113201
170112,111210
170113,111210
170114,111210
170191,111210
170199,113201
170211,111210
170219,111210
170220,113201
170230,111210
170240,111210
170250,111210
170260,111210
170290,111210
170310,111210
170390,111210
170410,113201
170490,113201
180100,1111
180200,1111
180310,111210
180320,111210
180400,111210
180500,111210
180610,113201
180620,111210
180631,113201
180632,113201
180690,113201
190110,113201
190120,113201
190190,111210
190211,113201
190219,113201
190220,113201
190230,113201
190240,113201
190300,111210
190410,113201
190420,113201
190430,113201
190490,113201
190510,113201
190520,113201
190531,113201
190532,113201
190540,113201
190590,113201
200110,113201
200190,113201
200210,113201
200290,113201
200310,113201
200390,113201
200410,113201
200490,113201
200510,113201
200520,113201
200540,113201
200551,113201
200559,113201
200560,113201
200570,113201
200580,113201
200591,113201
200599,113201
200600,113201
200710,113201
200791,113201
200799,113201
200811,113201
200819,113201
200820,113201
200830,113201
200840,113201
200850,113201
200860,113201
200870,113201
200880,113201
200891,113201
200893,113201
200897,113201
200899,113201
200911,113101
200912,113101
200919,113101
200921,113101
200929,113101
200931,113101
200939,113101
200941,113101
200949,113101
200950,113101
200961,113101
200969,113101
200971,113101
200979,113101
200981,113101
200989,113101
200990,113101
210111,113101
210112,113101
210120,113101
210130,113101
210210,111210
210220,111210
210230,111210
210310,113101
210320,113101
210330,113101
210390,113101
210410,113101
210420,113101
210500,113101
210610,113101
210690,113101
220110,113101
220190,113101
220210,113101
220291,113101
220299,113101
220300,113101
220410,113101
220421,113101
220422,113101
220429,113101
220430,113101
220510,113101
220590,113101
220600,113101
220710,211220
220720,211220
220820,113101
220830,113101
220840,113101
220850,113101
220860,113101
220870,113101
220890,113101
220900,113101
230110,111210
230120,111210
230210,111210
230230,111210
230240,111210
230250,111210
230310,111210
230320,111210
230330,111210
230400,111210
230500,111210
230610,111210
230620,111210
230630,111210
230641,111210
230649,111210
230650,111210
230660,111210
230690,111210
230700,111210
230800,111210
230910,113101
230990,111210
240110,1111
240120,1111
240130,1111
240210,113101
240220,113101
240290,113101
240311,113101
240319,113101
240391,113101
240399,113101
250100,3111
250200,3111
250300,3111
250410,3111
250490,3111
250510,3111
250590,3111
250610,3111
250620,3111
250700,3111
250810,3111
250830,3111
250840,3111
250850,3111
250860,3111
250870,3111
250900,3111
251010,3111
251020,3111
251110,3111
251120,3111
251200,3111
251310,3111
251320,3111
251400,3111
251511,3111
251512,3111
251520,3111
251611,3111
251612,3111
251620,3111
251690,3111
251710,3111
251720,3111
251730,3111
251741,3111
251749,3111
251810,3111
251820,3111
251830,3111
251910,3111
251990,3111
252010,3111
252020,311210
252100,311210
252210,311210
252220,311210
252230,311210
252310,311210
252321,311210
252329,311210
252330,311210
252390,311210
252410,3111
252490,3111
252510,3111
252520,3111
252530,3111
252610,3111
252620,3111
252800,3111
252910,3111
252921,3111
252922,3111
252930,3111
253010,3111
253020,3111
253090,3111
260111,2111
260112,2111
260120,2111
260200,2111
260300,2111
260400,2111
260500,2111
260600,2111
260700,2111
260800,2111
260900,2111
261000,2111
261100,2111
261210,2111
261220,2111
261310,2111
261390,2111
261400,2111
261510,2111
261590,2111
261610,2111
261690,2111
261710,2111
261790,2111
261800,2111
261900,2111
262011,2111
262019,2111
262021,2111
262029,2111
262030,2111
262040,2111
262060,2111
262091,2111
262099,2111
262110,2111
262190,2111
270111,2111
270112,2111
270119,213101
270120,213101
270210,213101
270220,213101
270300,213101
270400,213101
270500,213101
270600,211220
270710,211220
270720,211220
270730,211220
270740,211220
270750,211220
270791,211220
270799,211220
270810,211220
270820,211220
270900,2111
271012,213101
271019,213101
271020,213101
271091,2111
271099,2111
271111,213101
271112,213101
271113,213101
271114,213101
271119,213101
271121,213101
271129,213101
271210,211220
271220,211220
271290,211220
271311,211220
271312,211220
271320,211220
271390,211220
271410,2111
271490,2111
271500,211220
271600,213201
280110,211220
280120,211220
280130,211220
280200,211220
280300,211220
280410,211220
280421,211220
280429,211220
280430,211220
280440,211220
280450,211220
280461,211220
280469,211220
280470,211220
280480,211220
280490,211220
280511,211220
280512,211220
280519,211220
280530,211220
280540,211220
280610,211220
280620,211220
280700,211220
280800,211220
280910,211220
280920,211220
281000,211220
281111,211220
281112,211220
281119,211220
281121,211220
281122,211220
281129,211220
281211,211220
281212,211220
281213,211220
281214,211220
281215,211220
281216,211220
281217,211220
281219,211220
281290,211220
281310,211220
281390,211220
281410,211220
281420,211220
281511,211220
281512,211220
281520,211220
281530,211220
281610,211220
281640,211220
281700,211220
281810,211220
281820,211220
281830,211220
281910,211220
281990,211220
282010,211220
282090,211220
282110,211220
282120,211220
282200,211220
282300,211220
282410,211220
282490,211220
282510,211220
282520,211220
282530,211220
282540,211220
282550,211220
282560,211220
282570,211220
282580,211220
282590,211220
282612,211220
282619,211220
282630,211220
282690,211220
282710,211220
282720,211220
282731,211220
282732,211220
282735,211220
282739,211220
282741,211220
282749,211220
282751,211220
282759,211220
282760,211220
282810,211220
282890,211220
282911,211220
282919,211220
282990,211220
283010,211220
283090,211220
283110,211220
283190,211220
283210,211220
283220,211220
283230,211220
283311,211220
283319,211220
283321,211220
283322,211220
283324,211220
283325,211220
283327,211220
283329,211220
283330,211220
283340,211220
283410,211220
283421,211220
283429,211220
283510,211220
283522,211220
283524,211220
283525,211220
283526,211220
283529,211220
283531,211220
283539,211220
283620,211220
283630,211220
283640,211220
283650,211220
283660,211220
283691,211220
283692,211220
283699,211220
283711,211220
283719,211220
283720,211220
283911,211220
283919,211220
283990,211220
284011,211220
284019,211220
284020,211220
284030,211220
284130,211220
284150,211220
284161,211220
284169,211220
284170,211220
284180,211220
284190,211220
284210,211220
284290,211220
284310,211220
284321,211220
284329,211220
284330,211220
284390,211220
284410,211220
284420,211220
284430,211220
284440,211220
284450,211220
284510,211220
284590,211220
284610,211220
284690,211220
284700,211220
284910,211220
284920,211220
284990,211220
285000,211220
285210,211220
285290,211220
285310,211220
285390,211220
290110,211220
290121,211220
290122,211220
290123,211220
290124,211220
290129,211220
290211,211220
290219,211220
290220,211220
290230,211220
290241,211220
290242,211220
290243,211220
290244,211220
290250,211220
290260,211220
290270,211220
290290,211220
290311,211220
290312,211220
290313,211220
290314,211220
290315,211220
290319,211220
290321,211220
290322,211220
290323,211220
290329,211220
290331,211220
290339,211220
290371,211220
290372,211220
290373,211220
290374,211220
290375,211220
290376,211220
290377,211220
290378,211220
290379,211220
290381,211220
290382,211220
290383,211220
290389,211220
290391,211220
290392,211220
290393,211220
290394,211220
290399,211220
290410,211220
290420,211220
290431,211220
290432,211220
290433,211220
290434,211220
290435,211220
290436,211220
290491,211220
290499,211220
290511,211220
290512,211220
290513,211220
290514,211220
290516,211220
290517,211220
290519,211220
290522,211220
290529,211220
290531,211220
290532,211220
290539,211220
290541,211220
290542,211220
290543,211220
290544,211220
290545,211220
290549,211220
290551,211220
290559,211220
290611,211220
290612,211220
290613,211220
290619,211220
290621,211220
290629,211220
290711,211220
290712,211220
290713,211220
290715,211220
290719,211220
290721,211220
290722,211220
290723,211220
290729,211220
290811,211220
290819,211220
290891,211220
290892,211220
290899,211220
290911,211220
290919,211220
290920,211220
290930,211220
290941,211220
290943,211220
290944,211220
290949,211220
290950,211220
290960,211220
291010,211220
291020,211220
291030,211220
291040,211220
291050,211220
291090,211220
291100,211220
291211,211220
291212,211220
291219,211220
291221,211220
291229,211220
291241,211220
291242,211220
291249,211220
291250,211220
291260,211220
291300,211220
291411,211220
291412,211220
291413,211220
291419,211220
291422,211220
291423,211220
291429,211220
291431,211220
291439,211220
291440,211220
291450,211220
291461,211220
291462,211220
291469,211220
291471,211220
291479,211220
291511,211220
291512,211220
291513,211220
291521,211220
291524,211220
291529,211220
291531,211220
291532,211220
291533,211220
291536,211220
291539,211220
291540,211220
291550,211220
291560,211220
291570,211220
291590,211220
291611,211220
291612,211220
291613,211220
291614,211220
291615,211220
291616,211220
291619,211220
291620,211220
291631,211220
291632,211220
291634,211220
291639,211220
291711,211220
291712,211220
291713,211220
291714,211220
291719,211220
291720,211220
291732,211220
291733,211220
291734,211220
291735,211220
291736,211220
291737,211220
291739,211220
291811,211220
291812,211220
291813,211220
291814,211220
291815,211220
291816,211220
291817,211220
291818,211220
291819,211220
291821,211220
291822,211220
291823,211220
291829,211220
291830,211220
291891,211220
291899,211220
291910,211220
291990,211220
292011,211220
292019,211220
292021,211220
292022,211220
292023,211220
292024,211220
292029,211220
292030,211220
292090,211220
292111,211220
292112,211220
292113,211220
292114,211220
292119,211220
292121,211220
292122,211220
292129,211220
292130,211220
292141,211220
292142,211220
292143,211220
292144,211220
292145,211220
292146,211220
292149,211220
292151,211220
292159,211220
292211,211220
292212,211220
292214,211220
292215,211220
292216,211220
292217,211220
292218,211220
292219,211220
292221,211220
292229,211220
292231,211220
292239,211220
292241,211220
292242,211220
292243,211220
292244,211220
292249,211220
292250,211220
292310,211220
292320,211220
292330,211220
292340,211220
292390,211220
292411,211220
292412,211220
292419,211220
292421,211220
292423,211220
292424,211220
292425,211220
292429,211220
292511,211220
292512,211220
292519,211220
292521,211220
292529,211220
292610,211220
292620,211220
292630,211220
292640,211220
292690,211220
292700,211220
292800,211220
292910,211220
292990,211220
293020,211220
293030,211220
293040,211220
293060,211220
293070,211220
293080,211220
293090,211220
293110,211220
293120,211220
293131,211220
293132,211220
293133,211220
293134,211220
293135,211220
293136,211220
293137,211220
293138,211220
293139,211220
293190,211220
293211,211220
293212,211220
293213,211220
293214,211220
293219,211220
293220,211220
293291,211220
293292,211220
293293,211220
293294,211220
293295,211220
293299,211220
293311,211220
293319,211220
293321,211220
293329,211220
293331,211220
293332,211220
293333,211220
293339,211220
293341,211220
293349,211220
293352,211220
293353,211220
293354,211220
293355,211220
293359,211220
293361,211220
293369,211220
293371,211220
293372,211220
293379,211220
293391,211220
293392,211220
293399,211220
293410,211220
293420,211220
293430,211220
293491,211220
293499,211220
293510,211220
293520,211220
293530,211220
293540,211220
293550,211220
293590,211220
293621,711210
293622,711210
293623,711210
293624,711210
293625,711210
293626,711210
293627,711210
293628,711210
293629,711210
293690,711210
293711,711220
293712,711220
293719,711220
293721,711220
293722,711220
293723,711220
293729,711220
293750,711220
293790,711220
293810,711220
293890,711220
293911,711220
293919,711220
293920,711220
293930,711220
293941,711220
293942,711220
293943,711220
293944,711220
293949,711220
293951,711220
293959,711220
293961,711220
293962,711220
293963,711220
293969,711220
293971,711220
293979,711220
293980,211220
294000,711220
294110,711220
294120,711220
294130,711220
294140,711220
294150,711220
294190,711220
294200,711220
300120,711220
300190,711220
300211,711220
300212,711220
300213,711220
300214,711220
300215,711220
300219,711220
300220,711220
300230,711220
300290,711220
300310,711220
300320,711220
300331,711220
300339,711220
300341,711220
300342,711220
300343,711220
300349,711220
300360,711220
300390,711220
300410,711220
300420,711220
300431,711220
300432,711220
300439,711220
300441,711220
300442,711220
300443,711220
300449,711220
300450,711220
300460,711220
300490,711220
300510,711220
300590,711220
300610,711220
300620,711220
300630,711220
300640,711220
300650,711220
300660,711220
300670,711220
300691,711220
300692,711220
310100,111210
310210,111210
310221,111210
310229,111210
310230,111210
310240,111210
310250,111210
310260,111210
310280,111210
310290,111210
310311,111210
310319,111210
310390,111210
310420,111210
310430,111210
310490,111210
310510,111210
310520,111210
310530,111210
310540,111210
310551,111210
310559,111210
310560,111210
310590,111210
320110,311210
320120,311210
320190,311210
320210,311210
320290,311210
320300,311210
320411,311210
320412,311210
320413,311210
320414,311210
320415,311210
320416,311210
320417,311210
320419,311210
320420,311210
320490,311210
320500,311210
320611,311210
320619,311210
320620,311210
320641,311210
320642,311210
320649,311210
320650,311210
320710,311210
320720,311210
320730,311210
320740,311210
320810,311210
320820,311210
320890,311210
320910,311210
320990,311210
321000,311210
321100,311210
321210,311210
321290,311210
321310,313202
321390,313202
321410,311210
321490,311210
321511,311210
321519,311210
321590,311210
330112,711220
330113,711220
330119,711220
330124,711220
330125,711220
330129,711220
330130,711220
330190,711220
330210,711220
330290,711220
330300,713101
330410,713101
330420,713101
330430,713101
330491,713101
330499,713101
330510,713101
330520,713101
330530,713101
330590,713101
330610,713101
330620,713101
330690,713101
330710,713101
330720,713101
330730,713101
330741,713101
330749,713101
330790,713101
340111,713101
340119,713101
340120,713101
340130,713101
340211,711220
340212,711220
340213,711220
340219,711220
340220,713101
340290,711220
340311,211220
340319,211220
340391,211220
340399,211220
340420,711220
340490,711220
340510,313101
340520,313101
340530,313101
340540,313101
340590,313101
340600,313101
340700,711220
350110,311210
350190,311210
350211,111210
350219,111210
350220,111210
350290,111210
350300,111210
350400,111210
350510,311210
350520,311210
350610,313101
350691,311210
350699,311210
350710,1111
350790,111210
360100,811210
360200,811210
360300,811210
360410,811210
360490,811210
360500,813101
360610,813101
360690,811210
370110,711220
370120,611220
370130,611220
370191,611220
370199,611220
370210,711220
370231,611220
370232,611220
370239,611220
370241,611220
370242,611220
370243,611220
370244,611220
370252,613101
370253,613101
370254,613101
370255,611220
370256,611220
370296,613101
370297,611220
370298,611220
370310,611220
370320,611220
370390,611220
370400,611220
370500,611220
370610,611220
370690,611220
370710,611220
370790,611220
380110,311210
380120,311210
380130,311210
380190,311210
380210,311210
380290,311210
380300,311210
380400,311210
380510,311210
380590,311210
380610,311210
380620,311210
380630,311210
380690,311210
380700,311210
380852,313101
380859,313101
380861,313101
380862,313101
380869,313101
380891,313101
380892,313101
380893,313101
380894,313101
380899,313101
380910,411210
380991,411210
380992,411210
380993,411210
381010,311210
381090,311210
381111,211210
381119,211210
381121,211210
381129,211210
381190,211210
381210,211210
381220,211210
381231,211210
381239,211210
381300,211220
381400,211220
381511,211220
381512,211220
381519,211220
381590,211220
381600,311210
381700,211210
381800,611220
381900,511220
382000,511220
382100,711220
382200,711220
382311,211210
382312,211210
382313,211210
382319,211210
382370,211210
382410,211210
382430,211210
382440,311220
382450,311220
382460,211210
382471,211210
382472,211210
382473,211210
382474,211210
382475,211210
382476,211210
382477,211210
382478,211210
382479,211210
382481,211210
382482,211210
382483,211210
382484,211220
382485,211220
382486,211220
382487,211220
382488,211220
382491,211220
382499,211220
382510,3111
382520,3111
382530,711220
382541,2111
382549,2111
382550,511210
382561,211210
382569,211210
382590,211210
382600,211210
390110,211210
390120,211210
390130,211210
390140,211210
390190,211210
390210,211210
390220,211210
390230,211210
390290,211210
390311,211210
390319,211210
390320,211210
390330,211210
390390,211210
390410,211210
390421,211210
390422,211210
390430,211210
390440,211210
390450,211210
390461,211210
390469,211210
390490,211210
390512,211210
390519,211210
390521,211210
390529,211210
390530,211210
390591,211210
390599,211210
390610,211210
390690,211210
390710,211210
390720,211210
390730,211210
390740,211210
390750,211210
390761,211210
390769,211210
390770,211210
390791,211210
390799,211210
390810,211210
390890,211210
390910,211210
390920,211210
390931,211210
390939,211210
390940,211210
390950,211210
391000,211210
391110,211210
391190,211210
391211,211210
391212,211210
391220,211210
391231,211210
391239,211210
391290,211210
391310,211210
391390,211210
391400,211210
391510,211210
391520,211210
391530,211210
391590,211210
391610,211210
391620,211210
391690,211210
391710,311210
391721,311210
391722,311210
391723,311210
391729,311210
391731,311210
391732,311210
391733,311210
391739,311210
391740,311210
391810,311210
391890,311210
391910,311210
391990,311210
392010,311220
392020,311220
392030,311220
392043,311220
392049,311220
392051,311220
392059,311220
392061,311220
392062,311220
392063,311220
392069,311220
392071,311220
392073,311220
392079,311220
392091,311220
392092,311220
392093,311220
392094,311220
392099,311220
392111,311220
392112,311220
392113,311220
392114,311220
392119,311220
392190,311210
392210,311210
392220,311210
392290,311210
392310,511220
392321,511220
392329,511220
392330,511220
392340,511220
392350,511220
392390,511220
392410,313202
392490,313202
392510,311210
392520,311210
392530,311210
392590,311210
392610,713202
392620,413201
392630,313202
392640,311210
392690,311220
400110,1111
400121,1111
400122,1111
400129,1111
400130,1111
400211,211210
400219,211210
400220,211210
400231,211210
400239,211210
400241,211210
400249,211210
400251,211210
400259,211210
400260,211210
400270,211210
400280,211210
400291,211210
400299,211210
400300,211210
400400,211210
400510,211210
400520,211210
400591,211210
400599,211210
400610,211210
400690,211210
400700,211210
400811,211210
400819,211210
400821,211210
400829,211210
400911,311210
400912,311210
400921,311210
400922,311210
400931,311210
400932,311210
400941,311210
400942,311210
401011,811210
401012,811210
401019,811210
401031,811210
401032,811210
401033,811210
401034,811210
401035,811210
401036,811210
401039,811210
401110,511210
401120,511210
401130,511210
401140,511210
401150,511210
401170,511210
401180,511210
401190,511210
401211,511210
401212,511210
401213,511210
401219,511210
401220,511210
401290,511210
401310,511210
401320,511210
401390,511210
401410,713101
401490,711220
401511,711220
401519,413201
401590,413201
401610,313202
401691,313202
401692,313201
401693,311210
401694,511220
401695,313202
401699,211210
401700,211210
410120,1111
410150,1111
410190,1111
410210,1111
410221,1111
410229,1111
410320,1111
410330,1111
410390,1111
410411,111210
410419,111210
410441,111210
410449,111210
410510,111210
410530,111210
410621,111210
410622,111210
410631,111210
410632,111210
410640,111210
410691,111210
410692,111210
410711,111210
410712,111210
410719,111210
410791,111210
410792,111210
410799,111210
411200,111210
411310,111210
411320,111210
411330,111210
411390,111210
411410,111210
411420,111210
411510,111210
411520,1111
420100,113202
420211,513202
420212,513202
420219,513202
420221,513202
420222,513202
420229,513202
420231,513202
420232,513202
420239,513202
420291,513202
420292,513202
420299,513202
420310,513202
420321,513202
420329,513202
420330,513202
420340,513202
420500,513202
420600,513202
430110,1111
430130,1111
430160,1111
430180,1111
430190,1111
430211,111210
430219,111210
430220,111210
430230,111210
430310,413202
430390,413202
430400,413202
440111,2111
440112,2111
440121,1111
440122,1111
440131,1111
440139,1111
440140,1111
440210,211220
440290,211220
440311,1111
440312,1111
440321,1111
440322,1111
440323,1111
440324,1111
440325,1111
440326,1111
440341,1111
440349,1111
440391,1111
440393,1111
440394,1111
440395,1111
440396,1111
440397,1111
440398,1111
440399,1111
440410,1111
440420,1111
440500,111210
440611,111210
440612,111210
440691,111210
440692,111210
440711,311210
440712,311210
440719,311210
440721,311210
440722,311210
440725,311210
440726,311210
440727,311210
440728,311210
440729,311210
440791,311210
440792,311210
440793,311210
440794,311210
440795,311210
440796,311210
440797,311210
440799,311210
440810,311210
440831,311210
440839,311210
440890,311210
440910,311210
440921,311210
440922,311210
440929,311210
441011,311210
441012,311210
441019,311210
441090,311210
441112,311210
441113,311210
441114,311210
441192,311210
441193,311210
441194,311210
441210,311210
441231,311210
441233,311210
441234,311210
441239,311210
441294,311210
441299,311210
441300,311210
441400,313202
441510,511220
441520,511220
441600,511220
441700,311210
441810,311210
441820,311210
441840,311210
441850,311210
441860,311210
441873,311210
441874,311210
441875,311210
441879,311210
441891,311210
441899,311210
441911,313202
441912,313202
441919,313202
441990,313202
442010,313202
442090,313202
442110,313202
442191,311210
442199,311210
450110,1111
450190,1111
450200,1111
450310,311210
450390,311210
450410,311210
450490,311210
460121,313202
460122,313202
460129,313202
460192,313202
460193,313202
460194,313202
460199,313202
460211,313202
460212,313202
460219,313202
460290,313202
470100,211210
470200,211210
470311,211210
470319,211210
470321,211210
470329,211210
470411,211210
470419,211210
470421,211210
470429,211210
470500,211210
470610,211210
470620,211210
470630,211210
470691,211210
470692,211210
470693,211210
470710,211210
470720,211210
470730,211210
470790,211210
480100,611220
480210,611220
480220,611220
480240,311220
480254,711220
480255,711220
480256,711220
480257,711220
480258,611210
480261,611210
480262,611210
480269,611210
480300,711220
480411,611210
480419,611210
480421,611210
480429,611210
480431,611210
480439,611210
480441,611210
480442,611210
480449,611210
480451,611210
480452,611210
480459,611210
480511,611210
480512,611210
480519,611210
480524,611210
480525,611210
480530,511220
480540,611210
480550,611210
480591,611210
480592,611210
480593,611210
480610,611220
480620,611220
480630,611220
480640,611220
480700,611220
480810,611220
480840,611220
480890,611220
480920,611220
480990,611220
481013,611220
481014,611220
481019,611220
481022,611220
481029,611220
481031,611220
481032,611220
481039,611220
481092,611220
481099,611220
481110,611220
481141,611220
481149,611220
481151,611220
481159,611220
481160,611220
481190,611220
481200,611220
481310,113101
481320,111210
481390,111210
481420,311220
481490,311220
481620,611220
481690,611220
481710,613101
481720,613201
481730,613201
481810,713101
481820,713101
481830,713201
481850,713201
481890,713201
481910,511220
481920,511220
481930,511220
481940,511220
481950,511220
481960,511220
482010,611220
482020,713101
482030,611220
482040,611220
482050,613202
482090,611220
482110,611220
482190,611220
482210,511220
482290,611220
482320,611220
482340,611220
482361,313201
482369,313201
482370,611210
482390,611210
490110,613201
490191,613202
490199,613202
490210,613202
490290,613202
490300,613202
490400,613202
490510,613202
490591,613202
490599,613202
490600,311210
490700,811210
490810,811210
490890,813202
490900,613202
491000,613202
491110,613202
491191,613202
491199,613202
500100,5111
500200,5111
500300,5111
500400,511220
500500,411210
500600,413101
500710,411220
500720,411220
500790,411220
510111,4111
510119,4111
510121,4111
510129,4111
510130,4111
510211,4111
510219,4111
510220,4111
510310,4111
510320,4111
510330,4111
510400,4111
510510,411210
510521,411210
510529,411210
510531,411210
510539,411210
510540,411210
510610,411220
510620,411220
510710,411220
510720,411220
510810,411220
510820,411220
510910,413101
510990,413101
511000,411220
511111,411220
511119,411220
511120,411220
511130,411220
511190,411220
511211,411210
511219,411210
511220,411220
511230,411220
511290,411220
511300,411220
520100,4111
520210,4111
520291,4111
520299,4111
520300,411210
520411,411220
520419,411220
520420,413101
520511,411220
520512,411220
520513,411220
520514,411220
520515,411220
520521,411220
520522,411220
520523,411220
520524,411220
520526,411220
520527,411220
520528,411220
520531,411220
520532,411220
520533,411220
520534,411220
520535,411220
520541,411220
520542,411220
520543,411220
520544,411220
520546,411220
520547,411220
520548,411220
520611,411220
520612,411220
520613,411220
520614,411220
520615,411220
520621,411220
520622,411220
520623,411220
520624,411220
520625,411220
520631,411220
520632,411220
520633,411220
520634,411220
520635,411220
520641,411220
520642,411220
520643,411220
520644,411220
520645,411220
520710,413101
520790,413101
520811,411220
520812,411220
520813,411220
520819,411220
520821,411220
520822,411220
520823,411220
520829,411220
520831,411220
520832,411220
520833,411220
520839,411220
520841,411220
520842,411220
520843,411220
520849,411220
520851,411220
520852,411220
520859,411220
520911,411220
520912,411220
520919,411220
520921,411220
520922,411220
520929,411220
520931,411220
520932,411220
520939,411220
520941,411220
520942,411220
520943,411220
520949,411220
520951,411220
520952,411220
520959,411220
521011,411220
521019,411220
521021,411220
521029,411220
521031,411220
521032,411220
521039,411220
521041,411220
521049,411220
521051,411220
521059,411220
521111,411220
521112,411220
521119,411220
521120,411220
521131,411220
521132,411220
521139,411220
521141,411220
521142,411220
521143,411220
521149,411220
521151,411220
521152,411220
521159,411220
521211,411220
521212,411220
521213,411220
521214,411220
521215,411220
521221,411220
521222,411220
521223,411220
521224,411220
521225,411220
530110,411210
530121,411210
530129,411210
530130,4111
530210,4111
530290,4111
530310,4111
530390,4111
530500,4111
530610,411210
530620,411210
530710,411210
530720,411210
530810,411210
530820,411210
530890,411210
530911,411210
530919,411210
530921,411210
530929,411210
531010,411210
531090,411210
531100,411220
540110,411220
540120,411220
540211,411220
540219,411220
540220,411220
540231,411220
540232,411220
540233,411220
540234,411220
540239,411220
540244,411220
540245,411220
540246,411220
540247,411220
540248,411220
540249,411220
540251,411220
540252,411220
540253,411220
540259,411220
540261,411220
540262,411220
540263,411220
540269,411220
540310,411220
540331,411220
540332,411220
540333,411220
540339,411220
540341,411220
540342,411220
540349,411220
540411,411220
540412,411220
540419,411220
540490,411220
540500,411220
540600,413201
540710,411220
540720,411220
540730,411220
540741,411220
540742,411220
540743,411220
540744,411220
540751,411220
540752,411220
540753,411220
540754,411220
540761,411220
540769,411220
540771,411220
540772,411220
540773,411220
540774,411220
540781,411220
540782,411220
540783,411220
540784,411220
540791,411220
540792,411220
540793,411220
540794,411220
540810,411220
540821,411220
540822,411220
540823,411220
540824,411220
540831,411220
540832,411220
540833,411220
540834,411220
550110,411210
550120,411210
550130,411210
550140,411210
550190,411210
550210,411210
550290,411210
550311,411210
550319,411210
550320,411210
550330,411210
550340,411210
550390,411210
550410,411210
550490,411210
550510,4111
550520,4111
550610,411210
550620,411210
550630,411210
550640,411210
550690,411210
550700,411210
550810,411220
550820,411220
550911,411220
550912,411220
550921,411220
550922,411220
550931,411220
550932,411220
550941,411220
550942,411220
550951,411220
550952,411220
550953,411220
550959,411220
550961,411220
550962,411220
550969,411220
550991,411220
550992,411220
550999,411220
551011,411220
551012,411220
551020,411220
551030,411220
551090,411220
551110,413201
551120,413201
551130,413201
551211,411220
551219,411220
551221,411220
551229,411220
551291,411220
551299,411220
551311,411220
551312,411220
551313,411220
551319,411220
551321,411220
551323,411220
551329,411220
551331,411220
551339,411220
551341,411220
551349,411220
551411,411220
551412,411220
551419,411220
551421,411220
551422,411220
551423,411220
551429,411220
551430,411220
551441,411220
551442,411220
551443,411220
551449,411220
551511,411220
551512,411220
551513,411220
551519,411220
551521,411220
551522,411220
551529,411220
551591,411220
551599,411220
551611,411220
551612,411220
551613,411220
551614,411220
551621,411220
551622,411220
551623,411220
551624,411220
551631,411220
551632,411220
551633,411220
551634,411220
551641,411220
551642,411220
551643,411220
551644,411220
551691,411220
551692,411220
551693,411220
551694,411220
560121,411220
560122,411220
560129,411220
560130,411220
560210,411210
560221,411210
560229,411210
560290,411210
560311,411210
560312,411210
560313,411210
560314,411210
560391,411210
560392,411210
560393,411210
560394,411210
560410,411210
560490,411210
560500,411210
560600,411210
560721,411210
560729,411210
560741,411210
560749,411210
560750,411210
560790,411210
560811,411210
560819,411210
560890,411210
560900,411210
570110,413202
570190,413202
570210,413202
570220,413202
570231,413202
570232,413202
570239,413202
570241,413202
570242,413202
570249,413202
570250,413202
570291,413202
570292,413202
570299,413202
570310,413202
570320,413202
570330,413202
570390,413202
570410,413202
570420,413202
570490,413202
570500,413202
580110,411220
580121,411210
580122,411220
580123,411220
580126,411220
580127,411220
580131,411210
580132,411220
580133,411220
580136,411220
580137,411220
580190,411220
580211,411220
580219,411220
580220,411220
580230,411220
580300,411220
580410,411220
580421,411220
580429,411220
580430,411220
580500,413202
580610,411220
580620,411220
580631,411220
580632,411220
580639,411220
580640,411220
580710,411220
580790,411220
580810,411220
580890,411220
580900,411220
581010,411220
581091,411220
581092,411220
581099,411220
581100,411220
590110,411220
590190,411220
590210,411220
590220,411220
590290,411220
590310,411220
590320,411220
590390,411220
590410,413202
590490,413202
590500,411220
590610,411220
590691,411220
590699,411220
590700,411220
590800,411220
590900,412010
591000,412010
591110,412010
591120,412010
591131,412010
591132,412010
591140,412010
591190,412010
600110,411220
600121,411220
600122,411220
600129,411220
600191,411220
600192,411220
600199,411220
600240,411220
600290,411220
600310,411220
600320,411220
600330,411220
600340,411220
600390,411220
600410,411220
600490,411220
600521,411220
600522,411220
600523,411220
600524,411220
600535,411220
600536,411220
600537,411220
600538,411220
600539,411220
600541,411220
600542,411220
600543,411220
600544,411220
600590,411220
600610,411220
600621,411220
600622,411220
600623,411220
600624,411220
600631,411220
600632,411220
600633,411220
600634,411220
600641,411220
600642,411220
600643,411220
600644,411220
600690,411220
610120,413202
610130,413202
610190,413202
610210,413202
610220,413202
610230,413202
610290,413202
610310,413202
610322,413202
610323,413202
610329,413202
610331,413202
610332,413202
610333,413202
610339,413202
610341,413202
610342,413202
610343,413202
610349,413202
610413,413202
610419,413202
610422,413202
610423,413202
610429,413202
610431,413202
610432,413202
610433,413202
610439,413202
610441,413202
610442,413202
610443,413202
610444,413202
610449,413202
610451,413202
610452,413202
610453,413202
610459,413202
610461,413202
610462,413202
610463,413202
610469,413202
610510,413202
610520,413202
610590,413202
610610,413202
610620,413202
610690,413202
610711,413202
610712,413202
610719,413202
610721,413202
610722,413202
610729,413202
610791,413202
610799,413202
610811,413202
610819,413202
610821,413202
610822,413202
610829,413202
610831,413202
610832,413202
610839,413202
610891,413202
610892,413202
610899,413202
610910,413202
610990,413202
611011,413202
611012,413202
611019,413202
611020,413202
611030,413202
611090,413202
611120,413202
611130,413202
611190,413202
611211,413202
611212,413202
611219,413202
611220,413202
611231,413202
611239,413202
611241,413202
611249,413202
611300,413202
611420,413202
611430,413202
611490,413202
611510,413202
611521,413202
611522,413202
611529,413202
611530,413202
611594,413202
611595,413202
611596,413202
611599,413202
611610,413202
611691,413202
611692,413202
611693,413202
611699,413202
611710,413202
611780,413202
611790,413202
620111,413202
620112,413202
620113,413202
620119,413202
620191,413202
620192,413202
620193,413202
620199,413202
620211,413202
620212,413202
620213,413202
620219,413202
620291,413202
620292,413202
620293,413202
620299,413202
620311,413202
620312,413202
620319,413202
620322,413202
620323,413202
620329,413202
620331,413202
620332,413202
620333,413202
620339,413202
620341,413202
620342,413202
620343,413202
620349,413202
620411,413202
620412,413202
620413,413202
620419,413202
620421,413202
620422,413202
620423,413202
620429,413202
620431,413202
620432,413202
620433,413202
620439,413202
620441,413202
620442,413202
620443,413202
620444,413202
620449,413202
620451,413202
620452,413202
620453,413202
620459,413202
620461,413202
620462,413202
620463,413202
620469,413202
620520,413202
620530,413202
620590,413202
620610,413202
620620,413202
620630,413202
620640,413202
620690,413202
620711,413202
620719,413202
620721,413202
620722,413202
620729,413202
620791,413202
620799,413202
620811,413202
620819,413202
620821,413202
620822,413202
620829,413202
620891,413202
620892,413202
620899,413202
620920,413202
620930,413202
620990,413202
621010,413202
621020,413202
621030,413202
621040,413202
621050,413202
621111,413202
621112,413202
621120,413202
621132,413202
621133,413202
621139,413202
621142,413202
621143,413202
621149,413202
621210,413202
621220,413202
621230,413202
621290,413202
621320,413202
621390,413202
621410,413202
621420,413202
621430,413202
621440,413202
621490,413202
621510,413202
621520,413202
621590,413202
621600,413202
621710,413202
621790,413202
630110,413202
630120,413202
630130,413202
630140,413202
630190,413202
630210,413202
630221,413202
630222,413202
630229,413202
630231,413202
630232,413202
630239,413202
630240,413202
630251,413202
630253,413202
630259,413202
630260,413202
630291,413202
630293,413202
630299,413202
630312,413202
630319,413202
630391,413202
630392,413202
630399,413202
630411,413202
630419,413202
630420,413202
630491,413202
630492,413202
630493,413202
630499,413202
630510,411220
630520,411220
630532,411220
630533,411220
630539,411220
630590,411220
630612,411220
630619,411220
630622,413202
630629,413202
630630,413202
630640,413202
630690,413202
630710,413202
630720,413202
630790,413202
630800,413202
630900,411220
631010,411220
631090,411220
640110,413202
640192,413202
640199,413202
640212,413202
640219,413202
640220,413202
640291,413202
640299,413202
640312,413202
640319,413202
640320,413202
640340,413202
640351,413202
640359,413202
640391,413202
640399,413202
640411,413202
640419,413202
640420,413202
640510,413202
640520,413202
640590,413202
640610,411220
640620,411220
640690,411220
650100,411220
650200,411220
650400,413202
650500,413202
650610,413202
650691,413202
650699,413202
650700,411220
660110,413202
660191,413202
660199,413202
660200,413202
660320,411220
660390,411220
670100,411220
670210,411220
670290,411220
670300,411220
670411,413202
670419,413202
670420,413202
670490,413202
680100,311220
680210,311220
680221,311220
680223,311220
680229,311220
680291,311220
680292,311220
680293,311220
680299,311220
680300,311220
680410,311220
680421,311220
680422,311220
680423,311220
680430,313202
680510,311220
680520,311220
680530,311220
680610,311220
680620,311220
680690,311220
680710,311220
680790,311220
680800,311220
680911,311220
680919,311220
680990,311220
681011,311220
681019,311220
681091,311220
681099,311220
681140,311220
681181,311220
681182,311220
681189,311220
681280,411220
681291,411220
681292,311220
681293,311220
681299,311220
681320,311220
681381,311220
681389,311220
681410,311220
681490,311220
681510,311220
681520,311220
681591,311220
681599,311220
690100,311220
690210,311220
690220,311220
690290,311220
690310,311220
690320,311220
690390,311220
690410,311220
690490,311220
690510,311220
690590,311220
690600,311220
690721,311220
690722,311220
690723,311220
690730,311220
690740,311220
690911,311220
690912,311220
690919,311220
690990,311220
691010,311220
691090,311220
691110,313202
691190,313202
691200,313202
691310,313202
691390,313202
691410,313202
691490,313202
700100,3111
700210,311210
700220,311210
700231,311210
700232,311210
700239,311210
700312,311210
700319,311210
700320,311210
700330,311210
700420,311210
700490,311210
700510,311210
700521,311210
700529,311210
700530,311210
700600,311220
700711,511220
700719,511220
700721,511220
700729,511220
700800,511220
700910,511220
700991,511220
700992,511220
701010,311220
701020,311220
701090,311220
701110,311220
701120,311220
701190,311220
701310,313202
701322,313202
701328,313202
701333,313202
701337,313202
701341,313202
701342,313202
701349,313202
701391,313202
701399,313202
701400,711220
701510,711220
701590,711220
701610,311220
701690,311220
701710,711220
701720,711220
701790,711220
701810,711220
701820,711220
701890,711220
701911,311210
701912,311210
701919,311210
701931,311210
701932,311210
701939,311210
701940,311210
701951,311210
701952,311210
701959,311210
701990,311210
702000,311210
710110,411210
710121,4111
710122,411210
710210,411210
710221,411210
710229,411210
710231,411210
710239,411210
710310,411210
710391,411210
710399,411210
710410,411210
710420,411210
710490,411210
710510,411210
710590,411210
710610,411210
710691,411210
710692,411210
710700,411210
710811,411210
710812,411210
710813,411210
710820,0
710900,411210
711011,411210
711019,411210
711021,411210
711029,411210
711031,411210
711039,411210
711041,411210
711049,411210
711100,411210
711230,411210
711291,411210
711292,411210
711299,411210
711311,413202
711319,413202
711320,413202
711411,413202
711419,413202
711420,413202
711510,312010
711590,412010
711610,413102
711620,413202
711711,413202
711719,413201
711790,413201
711810,813202
711890,0
720110,511210
720120,511210
720150,511210
720211,511210
720219,511210
720221,511210
720229,511210
720230,511210
720241,511210
720249,511210
720250,511210
720260,511210
720270,511210
720280,511210
720291,511210
720292,511210
720293,511210
720299,511210
720310,511210
720390,511210
720410,511210
720421,511220
720429,511220
720430,511220
720441,511210
720449,511220
720450,511210
720510,511210
720521,511210
720529,511210
720610,511210
720690,511210
720711,511210
720712,511210
720719,511210
720720,511210
720810,511210
720825,511210
720826,511210
720827,511210
720836,511210
720837,511210
720838,511210
720839,511210
720840,511210
720851,511210
720852,511210
720853,511210
720854,511210
720890,511210
720915,511210
720916,511210
720917,511210
720918,511210
720925,511210
720926,511210
720927,511210
720928,511210
720990,511210
721011,511210
721012,511210
721020,511210
721030,511210
721041,511210
721049,511210
721050,511210
721061,511210
721069,511210
721070,511210
721090,511210
721113,511210
721114,511210
721119,511210
721123,511210
721129,511210
721190,511210
721210,511210
721220,511210
721230,511210
721240,511210
721250,511210
721260,511210
721310,511210
721320,511210
721391,511210
721399,511210
721410,511210
721420,511210
721430,511210
721491,511210
721499,511210
721510,511210
721550,511210
721590,511210
721610,511210
721621,511210
721622,511210
721631,511210
721632,511210
721633,511210
721640,511210
721650,511210
721661,511210
721669,511210
721691,511210
721699,511210
721710,511210
721720,511210
721730,511210
721790,511210
721810,511210
721891,511210
721899,511210
721911,511210
721912,511210
721913,511210
721914,511210
721921,511210
721922,511210
721923,511210
721924,511210
721931,511210
721932,511210
721933,511210
721934,511210
721935,511210
721990,511210
722011,511210
722012,511210
722020,511210
722090,511210
722100,511210
722211,511210
722219,511210
722220,511210
722230,511210
722240,511210
722300,511210
722410,511210
722490,511210
722511,511210
722519,511210
722530,511210
722540,511210
722550,511210
722591,511210
722592,511210
722599,511210
722611,511210
722619,511210
722620,511210
722691,511210
722692,511210
722699,511210
722710,511210
722720,511210
722790,511210
722810,511210
722820,511210
722830,511210
722840,511210
722850,511210
722860,511210
722870,511210
722880,511210
722920,511210
722990,511210
730110,511210
730120,511210
730210,511210
730230,511210
730240,511210
730290,511210
730300,311220
730411,311220
730419,311220
730422,311220
730423,311220
730424,311220
730429,311220
730431,311220
730439,311220
730441,311220
730449,311220
730451,311220
730459,311220
730490,311220
730511,311220
730512,311220
730519,311220
730520,311220
730531,311220
730539,311220
730590,311220
730611,311220
730619,311220
730621,311220
730629,311220
730630,311220
730640,311220
730650,311220
730661,311220
730669,311220
730690,311220
730711,311220
730719,311220
730721,311220
730722,311220
730723,311220
730729,311220
730791,311220
730792,311220
730793,311220
730799,311220
730810,311220
730820,311220
730830,311220
730840,311220
730890,311220
730900,312010
731010,312010
731021,312010
731029,312010
731100,212010
731210,311220
731290,311220
731300,311220
731412,311220
731414,311220
731419,311220
731420,311220
731431,311220
731439,311220
731441,311220
731442,311220
731449,311220
731450,311220
731511,311220
731512,311220
731519,311220
731520,311220
731581,311220
731582,311220
731589,311220
731590,311220
731600,511220
731700,311210
731811,311210
731812,311210
731813,311210
731814,311210
731815,311210
731816,311210
731819,311210
731821,311210
731822,311210
731823,311210
731824,311210
731829,311210
731940,313202
731990,313202
732010,311210
732020,311210
732090,311210
732111,313202
732112,313202
732119,313202
732181,313202
732182,313202
732189,313202
732190,311210
732211,312010
732219,312010
732290,312010
732310,313202
732391,313202
732392,313202
732393,313202
732394,313202
732399,313202
732410,311220
732421,311220
732429,311220
732490,311220
732510,311220
732591,311220
732599,311220
732611,311220
732619,311220
732620,311220
732690,311220
740100,311210
740200,311210
740311,311210
740312,311210
740313,311210
740319,311210
740321,311210
740322,311210
740329,311210
740400,311220
740500,311210
740610,311210
740620,311210
740710,311210
740721,311210
740729,311210
740811,311210
740819,311210
740821,311210
740822,311210
740829,311210
740911,311210
740919,311210
740921,311210
740929,311210
740931,311210
740939,311210
740940,311210
740990,311210
741011,311210
741012,311210
741021,311210
741022,311210
741110,311210
741121,311210
741122,311210
741129,311210
741210,311210
741220,311210
741300,311210
741510,311210
741521,311210
741529,311210
741533,311210
741539,311210
741810,313202
741820,311210
741910,311220
741991,311220
741999,311220
750110,311210
750120,311210
750210,311210
750220,311210
750300,311220
750400,311210
750511,311210
750512,311210
750521,311210
750522,311210
750610,311210
750620,311210
750711,311210
750712,311210
750720,311210
750810,311220
750890,311220
760110,311210
760120,311210
760200,311210
760310,311210
760320,311210
760410,311210
760421,311210
760429,311210
760511,311210
760519,311210
760521,311210
760529,311210
760611,311210
760612,311210
760691,311210
760692,311210
760711,311210
760719,311210
760720,311210
760810,311210
760820,311210
760900,311210
761010,311220
761090,311220
761100,312010
761210,312010
761290,312010
761300,312010
761410,311210
761490,311210
761510,313202
761520,311210
761610,311210
761691,311220
761699,311220
780110,311210
780191,311210
780199,311210
780200,3111
780411,311210
780419,311210
780420,311210
780600,311210
790111,311210
790112,311210
790120,311210
790200,311220
790310,311210
790390,311210
790400,311210
790500,311210
790700,311210
800110,311210
800120,311210
800200,3111
800300,311210
800700,311220
810110,311210
810194,311210
810196,311210
810197,3111
810199,311210
810210,311210
810294,311210
810295,311220
810296,311210
810297,3111
810299,311220
810320,311210
810330,3111
810390,311210
810411,311210
810419,311210
810420,3111
810430,311210
810490,311210
810520,311210
810530,3111
810590,311210
810600,311210
810720,311210
810730,3111
810790,311210
810820,311210
810830,3111
810890,311210
810920,311210
810930,3111
810990,311210
811010,311210
811020,3111
811090,311210
811100,311210
811212,311210
811213,3111
811219,311210
811221,311210
811222,3111
811229,311210
811251,311210
811252,3111
811259,311210
811292,311210
811299,311210
811300,311210
820110,312010
820130,312010
820140,312010
820150,312010
820160,312010
820190,312010
820210,312010
820220,312010
820231,312010
820239,312010
820240,312010
820291,312010
820299,312010
820310,312010
820320,312010
820330,312010
820340,312010
820411,312010
820412,312010
820420,312010
820510,312010
820520,312010
820530,312010
820540,312010
820551,312010
820559,312010
820560,312010
820570,312010
820590,312010
820600,312010
820713,312010
820719,312010
820720,311210
820730,312010
820740,311210
820750,312010
820760,312010
820770,312010
820780,311210
820790,311210
820810,311210
820820,311210
820830,311210
820840,311210
820890,311210
820900,311210
821000,313202
821110,313202
821191,313202
821192,313202
821193,313202
821194,313202
821195,313202
821210,313202
821220,313202
821290,313202
821300,311210
821410,313202
821420,313201
821490,313202
821510,313202
821520,313202
821591,313202
821599,313202
830110,311220
830120,311220
830130,311220
830140,311220
830150,311220
830160,311220
830170,311220
830210,311220
830220,311220
830230,511220
830241,311220
830242,311220
830249,311220
830250,311220
830260,311220
830300,312010
830400,312010
830510,311220
830520,311220
830590,311220
830610,311220
830621,313202
830629,313202
830630,313202
830710,311210
830790,311210
830810,311220
830820,311220
830890,311220
830910,311220
830990,311220
831000,311220
831110,311220
831120,311220
831130,311220
831190,311220
840110,212010
840120,212010
840130,212010
840140,211210
840211,212010
840212,212010
840219,212010
840220,212010
840290,211210
840310,212010
840390,211210
840410,212010
840420,212010
840490,211210
840510,212010
840590,211210
840610,212010
840681,212010
840682,212010
840690,211210
840710,511220
840721,212010
840729,511220
840731,511220
840732,511220
840733,511220
840734,511220
840790,511220
840810,511220
840820,511220
840890,511220
840910,511220
840991,511220
840999,511220
841011,212010
841012,212010
841013,212010
841090,211210
841111,511220
841112,511220
841121,511220
841122,511220
841181,511220
841182,511220
841191,511220
841199,511220
841210,511220
841221,212010
841229,212010
841231,212010
841239,212010
841280,212010
841290,211210
841311,212010
841319,212010
841320,212010
841330,212010
841340,212010
841350,212010
841360,212010
841370,212010
841381,212010
841382,212010
841391,211210
841392,211210
841410,212010
841420,212010
841430,212010
841440,212010
841451,313202
841459,313202
841460,313202
841480,313202
841490,311210
841510,313202
841520,511220
841581,312010
841582,312010
841583,312010
841590,311210
841610,312010
841620,312010
841630,312010
841690,311210
841710,312010
841720,312010
841780,312010
841790,312010
841810,313202
841821,313202
841829,313202
841830,313202
841840,313202
841850,312010
841861,312010
841869,312010
841891,311210
841899,311210
841911,312010
841919,312010
841920,712020
841931,112010
841932,112010
841939,712010
841940,112010
841950,112010
841960,112010
841981,112010
841989,112010
841990,111220
842010,612010
842091,611210
842099,611210
842111,112010
842112,412010
842119,412010
842121,112010
842122,112010
842123,512010
842129,212010
842131,512010
842139,212010
842191,411220
842199,411210
842211,313202
842219,112010
842220,112010
842230,112010
842240,112010
842290,111210
842310,713202
842320,712010
842330,112010
842381,112010
842382,112010
842389,112010
842390,112010
842410,312010
842420,312010
842430,312010
842441,112010
842449,112010
842482,112010
842489,312020
842490,311220
842511,312010
842519,312010
842531,312010
842539,312010
842541,512010
842542,512010
842549,512010
842611,512010
842612,512010
842619,512010
842620,312010
842630,512010
842641,512010
842649,512010
842691,512010
842699,512010
842710,512010
842720,512010
842790,512010
842810,512010
842820,312010
842831,212010
842832,212010
842833,212010
842839,212020
842840,312010
842860,712010
842890,312020
842911,312010
842919,312010
842920,312010
842930,312010
842940,312010
842951,212010
842952,212010
842959,212010
843010,212010
843020,212010
843031,212010
843039,212010
843041,212010
843049,212010
843050,212010
843061,212010
843069,212010
843110,211210
843120,212010
843131,211210
843139,211220
843141,211210
843142,211210
843143,211210
843149,211210
843210,112010
843221,112010
843229,112010
843231,112010
843239,112010
843241,112010
843242,112010
843280,112010
843290,111210
843311,112010
843319,112010
843320,112010
843330,112010
843340,112010
843351,112010
843352,112010
843353,112010
843359,112010
843360,112010
843390,111210
843410,112010
843420,112010
843490,111210
843510,112010
843590,111210
843610,112010
843621,112010
843629,112010
843680,112010
843691,111210
843699,111210
843710,112010
843780,112010
843790,111210
843810,112010
843820,112010
843830,112010
843840,112010
843850,112010
843860,112010
843880,112010
843890,111210
843910,312010
843920,312010
843930,312010
843991,111210
843999,111210
844010,612010
844090,611210
844110,612010
844120,612010
844130,612010
844140,612010
844180,612010
844190,111210
844230,612010
844240,612010
844250,612010
844311,612010
844312,612020
844313,612010
844314,612010
844315,612010
844316,612010
844317,612010
844319,612010
844331,612020
844332,612020
844339,612020
844391,612010
844399,611220
844400,412010
844511,412010
844512,412010
844513,412010
844519,412010
844520,412010
844530,412010
844540,412010
844590,412010
844610,412010
844621,412010
844629,412010
844630,412010
844711,412010
844712,412010
844720,412010
844790,412010
844811,411210
844819,411210
844820,411210
844831,411210
844832,411210
844833,411210
844839,411210
844842,411210
844849,411210
844851,411210
844859,411210
844900,412010
845011,313202
845012,313202
845019,313202
845020,312010
845090,313202
845110,312010
845121,313202
845129,312010
845130,412010
845140,412010
845150,412010
845180,412010
845190,411210
845210,313202
845221,412010
845229,412010
845230,412010
845290,412010
845310,412010
845320,412010
845380,412010
845390,411210
845410,212010
845420,212010
845430,212010
845490,212010
845510,212010
845521,212010
845522,212010
845530,211210
845590,211210
845611,212010
845612,212010
845620,212010
845630,212010
845640,212020
845650,212020
845690,212020
845710,212010
845720,212010
845730,212010
845811,212010
845819,212010
845891,212010
845899,212010
845910,212010
845921,212010
845929,212010
845931,212010
845939,212010
845941,212010
845949,212010
845951,212010
845959,212010
845961,212010
845969,212010
845970,212010
846012,212010
846019,212010
846022,212010
846023,212010
846024,212010
846029,212010
846031,212010
846039,212010
846040,212010
846090,212010
846120,212010
846130,212010
846140,212010
846150,212010
846190,212010
846210,212010
846221,212010
846229,212010
846231,212010
846239,212010
846241,212010
846249,212010
846291,212010
846299,212010
846310,212010
846320,212010
846330,212010
846390,212010
846410,312010
846420,312010
846490,312010
846510,312010
846520,312020
846591,312010
846592,312010
846593,312010
846594,312010
846595,312010
846596,312010
846599,312020
846610,312020
846620,312020
846630,311220
846691,311220
846692,311220
846693,311220
846694,311220
846711,312010
846719,312010
846721,312010
846722,312010
846729,312010
846781,312010
846789,312010
846791,311210
846792,311210
846799,311210
846810,312010
846820,312010
846880,312010
846890,311210
847010,613202
847021,612020
847029,612020
847030,612020
847050,612020
847090,612020
847130,612020
847141,612020
847149,612020
847150,612020
847160,612020
847170,612020
847180,612020
847190,612020
847210,612020
847230,612020
847290,612020
847321,611220
847329,611220
847330,611220
847340,611220
847350,611220
847410,212010
847420,212010
847431,312010
847432,312010
847439,312010
847480,212010
847490,211210
847510,312010
847521,312010
847529,312010
847590,311210
847621,112010
847629,112010
847681,112010
847689,112010
847690,111210
847710,312020
847720,312010
847730,312010
847740,312020
847751,512020
847759,312020
847780,312010
847790,311220
847810,112010
847890,111210
847910,312010
847920,112010
847930,312010
847940,312010
847950,512010
847960,312010
847971,512020
847979,512020
847981,312010
847982,312010
847989,312020
847990,311220
848010,312020
848020,312020
848030,312020
848041,312020
848049,312020
848050,312020
848060,312020
848071,312020
848079,312020
848110,311220
848120,311220
848130,311220
848140,311220
848180,311220
848190,311220
848210,311220
848220,311220
848230,311220
848240,311220
848250,311220
848280,311220
848291,311220
848299,311220
848310,511220
848320,511220
848330,511220
848340,511220
848350,511220
848360,511220
848390,511220
848410,211220
848420,211220
848490,211220
848610,612020
848620,612020
848630,612020
848640,612020
848690,612020
848710,511220
848790,511220
850110,312
850120,312
850131,312
850132,312
850133,312
850134,312
850140,312
850151,312
850152,312
850153,312
850161,312
850162,312
850163,312
850164,312
850211,312
850212,312
850213,312
850220,312
850231,312
850239,312
850240,312
850300,312
850410,312
850421,312
850422,312
850423,312
850431,312
850432,312
850433,312
850434,312
850440,312
850450,312
850490,3112
850511,311220
850519,311220
850520,311220
850590,311220
850610,313202
850630,313202
850640,313202
850650,313202
850660,313202
850680,313202
850690,311220
850710,511220
850720,511220
850730,511220
850740,511220
850750,511220
850760,511220
850780,511220
850790,511220
850811,313202
850819,313202
850860,313202
850870,311220
850940,313202
850980,313202
850990,311220
851010,713202
851020,713202
851030,713202
851090,711220
851110,511220
851120,511220
851130,511220
851140,511220
851150,511220
851180,511220
851190,511220
851210,511220
851220,511220
851230,511220
851240,511220
851290,511220
851310,313202
851390,313202
851410,212
851420,212
851430,212
851440,212
851490,213202
851511,312020
851519,312020
851521,312020
851529,312020
851531,312020
851539,312020
851580,312020
851590,311220
851610,313202
851621,313202
851629,313202
851631,713202
851632,713202
851633,713202
851640,713202
851650,313202
851660,313202
851671,313202
851672,313202
851679,313202
851680,311220
851690,311220
851711,613202
851712,613202
851718,613202
851761,612020
851762,612020
851769,612020
851770,611220
851810,612020
851821,612020
851822,612020
851829,612020
851830,613202
851840,612020
851850,612020
851890,611220
851920,612020
851930,613202
851950,613202
851981,613202
851989,613202
852110,612020
852190,612020
852210,611220
852290,611220
852321,613202
852329,613202
852341,613202
852349,613202
852351,611220
852352,611220
852359,611220
852380,613202
852550,612020
852560,612020
852580,613202
852610,612020
852691,612020
852692,612020
852712,613202
852713,613202
852719,613202
852721,511220
852729,511220
852791,613202
852792,613202
852799,613202
852842,613202
852849,613202
852852,613202
852859,613202
852862,612020
852869,613202
852871,613202
852872,613202
852873,613202
852910,611220
852990,611220
853010,512020
853080,512020
853090,511220
853110,312
853120,312
853180,312
853190,311220
853210,312
853221,312
853222,312
853223,312
853224,312
853225,312
853229,312
853230,312
853290,3112
853310,311220
853321,311220
853329,311220
853331,311220
853339,311220
853340,311220
853390,3112
853400,3112
853510,3112
853521,3112
853529,3112
853530,3112
853540,3112
853590,3112
853610,3112
853620,3112
853630,3112
853641,3112
853649,3112
853650,3112
853661,3112
853669,3112
853670,3112
853690,3112
853710,3112
853720,3112
853810,311220
853890,311220
853910,511220
853921,313202
853922,313202
853929,313202
853931,311220
853932,311220
853939,311220
853941,311220
853949,311220
853950,312
853990,311220
854011,611220
854012,611220
854020,611220
854040,611220
854060,611220
854071,311220
854079,311220
854081,611220
854089,611220
854091,611220
854099,611220
854110,611220
854121,611220
854129,611220
854130,611220
854140,611220
854150,611220
854160,611220
854190,611220
854231,611220
854232,611220
854233,611220
854239,611220
854290,611220
854310,312
854320,312
854330,312
854370,312
854390,313202
854411,611220
854419,611220
854420,611220
854430,511220
854442,311220
854449,311220
854460,311220
854470,311220
854511,311220
854519,311220
854520,311220
854590,311220
854610,3112
854620,3112
854690,3112
854710,311220
854720,311220
854790,311220
854810,2111
854890,2111
860110,512020
860120,512020
860210,512020
860290,512020
860310,512020
860390,512020
860400,512020
860500,512020
860610,512020
860630,512020
860691,512020
860692,512020
860699,512020
860711,511220
860712,511220
860719,511220
860721,511220
860729,511220
860730,511220
860791,511220
860799,511220
860800,511220
860900,512020
870110,512020
870120,512020
870130,512020
870191,512020
870192,512020
870193,512020
870194,512020
870195,512020
870210,512020
870220,512020
870230,512020
870240,512020
870290,512020
870310,513202
870321,513202
870322,513202
870323,513202
870324,513202
870331,513202
870332,513202
870333,513202
870340,513202
870350,513202
870360,513202
870370,513202
870380,513202
870390,513202
870410,512020
870421,512020
870422,512020
870423,512020
870431,512020
870432,512020
870490,512020
870510,512020
870520,512020
870530,512020
870540,512020
870590,512020
870600,511220
870710,511220
870790,511220
870810,511220
870821,511220
870829,511220
870830,511220
870840,511220
870850,511220
870870,511220
870880,511220
870891,511220
870892,511220
870893,511220
870894,511220
870895,511220
870899,511220
870911,511220
870919,511220
870990,511220
871000,812020
871110,513202
871120,513202
871130,513202
871140,513202
871150,513202
871160,513202
871190,513202
871200,513202
871310,513202
871390,513202
871410,511220
871420,511220
871491,511220
871492,511220
871493,511220
871494,511220
871495,511220
871496,511220
871499,511220
871500,513202
871610,513202
871620,512020
871631,512020
871639,512020
871640,512020
871680,512020
871690,5112
880100,512
880211,512
880212,512
880220,512020
880230,512020
880240,512020
880260,512020
880310,512
880320,512
880330,5112
880390,5112
880400,713202
880510,512020
880521,812020
880529,512020
890110,512020
890120,512
890130,512
890190,512
890200,512020
890310,513202
890391,512
890392,512
890399,512
890400,512
890510,512
890520,512
890590,512
890610,812020
890690,512
890710,512
890790,512
890800,512
900110,711220
900120,711220
900130,713202
900140,711220
900150,711220
900190,711220
900211,711220
900219,711220
900220,711220
900290,711220
900311,711220
900319,711220
900390,711220
900410,713202
900490,713202
900510,712
900580,712
900590,711220
900630,712020
900640,613202
900651,613202
900652,613202
900653,613202
900659,613202
900661,611220
900669,611220
900691,611220
900699,611220
900710,612020
900720,612020
900791,611220
900792,611220
900850,612020
900890,611220
901010,612
901050,612
901060,612020
901090,711220
901110,712020
901120,712020
901180,712
901190,711220
901210,712020
901290,711220
901310,711220
901320,712
901380,712
901390,711220
901410,712020
901420,512020
901480,712020
901490,711220
901510,812020
901520,812020
901530,812020
901540,812020
901580,812020
901590,811220
901600,712020
901710,712
901720,712020
901730,712
901780,712
901790,711220
901811,712020
901812,712020
901813,712020
901814,712020
901819,712020
901820,712020
901831,711220
901832,711220
901839,711220
901841,712020
901849,712020
901850,712020
901890,712020
901910,712020
901920,712020
902000,712020
902110,713202
902121,713202
902129,713202
902131,713202
902139,713202
902140,713202
902150,713202
902190,713202
902212,712020
902213,712020
902214,712020
902219,712020
902221,712020
902229,712020
902230,712020
902290,712020
902300,712
902410,312020
902480,312020
902490,711220
902511,712010
902519,712010
902580,212
902590,711220
902610,712
902620,712
902680,712
902690,711220
902710,712020
902720,712020
902730,712020
902750,712020
902780,712020
902790,712020
902810,712020
902820,712020
902830,212020
902890,711220
902910,212020
902920,212020
902990,711220
903010,712020
903020,712020
903031,212020
903032,212020
903033,212020
903039,212020
903040,212020
903082,212020
903084,212020
903089,212020
903090,711220
903110,212
903120,212
903141,212
903149,212
903180,212
903190,711220
903210,212020
903220,212020
903281,212020
903289,212020
903290,711220
903300,711220
910111,713202
910119,713202
910121,713202
910129,713202
910191,713202
910199,713202
910211,713202
910212,713202
910219,713202
910221,713202
910229,713202
910291,713202
910299,713202
910310,713202
910390,713202
910400,511220
910511,313202
910519,713202
910521,713202
910529,713202
910591,713202
910599,713202
910610,712
910690,712
910700,712
910811,711220
910812,711220
910819,711220
910820,711220
910890,711220
910910,711220
910990,711220
911011,711220
911012,711220
911019,711220
911090,711220
911110,711220
911120,711220
911180,711220
911190,711220
911220,711220
911290,711220
911310,511220
911320,511220
911390,511220
911410,711220
911430,711220
911440,711220
911490,711220
920110,713202
920120,713202
920190,713202
920210,713202
920290,713202
920510,713202
920590,713202
920600,713202
920710,713202
920790,713202
920810,713202
920890,713202
920930,711220
920991,711220
920992,711220
920994,711220
920999,711220
930110,812020
930120,812020
930190,812020
930200,812020
930310,812020
930320,713202
930330,713202
930390,812020
930400,812020
930510,811220
930520,811220
930591,811220
930599,811220
930621,811220
930629,811220
930630,811220
930690,813201
930700,813202
940110,511220
940120,511220
940130,313202
940140,313202
940152,313202
940153,313202
940159,313202
940161,313202
940169,313202
940171,313202
940179,313202
940180,313202
940190,311220
940210,712020
940290,712020
940310,312
940320,312
940330,312010
940340,313202
940350,313202
940360,313202
940370,313202
940382,313202
940383,313202
940389,313202
940390,311220
940410,313202
940421,313202
940429,313202
940430,313202
940490,313202
940510,313202
940520,313202
940530,313202
940540,313202
940550,313202
940560,311220
940591,311220
940592,311220
940599,311220
940610,311220
940690,311220
950300,713202
950420,711220
950430,712
950440,713202
950450,613202
950490,713202
950510,713202
950590,713202
950611,713202
950612,713202
950619,713202
950621,713202
950629,713202
950631,713202
950632,713202
950639,713202
950640,713202
950651,713202
950659,713202
950661,713202
950662,713202
950669,713202
950670,713202
950691,713202
950699,713202
950710,713202
950720,711220
950730,713202
950790,713202
950810,712010
950890,712020
960110,712020
960190,712020
960200,712020
960310,313202
960321,713202
960329,713202
960330,713202
960340,311220
960350,311220
960390,311220
960400,311220
960500,713202
960610,411220
960621,411220
960622,411220
960629,411220
960630,411220
960711,311220
960719,311220
960720,311220
960810,713202
960820,713202
960830,713202
960840,713202
960850,713202
960860,311220
960891,311220
960899,311220
960910,713202
960920,711220
960990,713202
961000,713202
961100,311220
961210,311220
961220,311220
961310,713202
961320,713202
961380,713202
961390,711220
961400,713202
961511,713202
961519,713202
961590,713202
961610,713202
961620,713202
961700,313202
961800,412020
961900,711220
962000,611220
970110,713202
970190,713202
970200,713202
970300,713202
970400,813202
970500,713202
970600,713202
